url,department,description,job_title,level,location,schedule
https://verbund.edeka/karriere/stellenb%C3%B6rse/stelle-verk%C3%A4ufer-frischetheke-m-w-d-edeka-schuler-dietenhofen-g%C3%BCnter-schuler-e.k.?id=208676_205703&type=j,Günter Schuler e.K.,"""FÃ¼r den EDEK-Markt Schuler in 50599 Dietenhofen, RÃ¼derner Str. 27A suchen wir ab sofort tatkrÃ¤ftige UnterstÃ¼tzung fÃ¼r das dortige Team      ### Ihre Aufgaben  * Durch Ihr serviceorientiertes Auftreten sorgen Sie fÃ¼r ein angenehmes Einkaufserlebnis an unserer Frischetheke * Mit Ihrer kompetenten Beratung unterstÃ¼tzen Sie unsere Kundinnen und Kunden bei ihrem Einkauf * Sie bereiten SpezialitÃ¤ten zu und verstehen es, diese attraktiv zu prÃ¤sentieren * Durch regelmÃ¤Ãige QualitÃ¤tskontrollen und der MHD-Kontrolle stellen Sie sicher, dass durchgehend ein frisches und ansprechendes Sortiment zur VerfÃ¼gung stehtÂ * Sie sind unter Einhaltung der gesetzlichen und betrieblichen Hygienerichtlinien aktiv im Verkauf und sorgen fÃ¼r Ordnung und Sauberkeit in der Abteilung      ### Ihr Profil  * Sie verfÃ¼gen Ã¼ber eine erfolgreich abgeschlossene Berufsausbildung, z.B. zum FachverkÃ¤ufer Fleischerei (m/w/d) * Sie bringen Erfahrungen im Lebensmitteleinzelhandel sowie in den genannten Bereichen mit * Freundlichkeit, Einsatzbereitschaft sowie die Einhaltung von Hygiene und Sauberkeit sind fÃ¼r Sie selbstverstÃ¤ndlich * Sie verstehen es, Kundinnen und Kunden zu begeistern und genieÃen das Arbeiten im direkten Kontakt * Sie sind zuverlÃ¤ssig und die Arbeit im Team bereitet Ihnen Freude * Kenntnisse der HACCP runden Ihr Profil ab      ### Wir bieten Ihnen  Mitarbeit in einem hochmotivierten Team und interessanten Umfeld. Dazu die MÃ¶glichkeit, Ihr KÃ¶nnen unter Beweis zu stellen und den Erfolg unseres Marktes mitzugestalten. Des Weiteren bieten wir Ihnen:  * 30 Tage Urlaub * Bike-Leasing * Weiterbildung * Betriebliche Altersvorsorge * PÃ¼nktliche Bezahlung      ### Infos zum Unternehmen  Die EDEKA Unternehmensgruppe Nordbayern-Sachsen-ThÃ¼ringen ist eine von sieben regionalen Unternehmensgruppen des genossenschaftlich organisierten EDEKA-Verbundes. Die Genossenschaft als Keimzelle der Unternehmensgruppe wurde vor 113 Jahren (im Jahr 1912) in WÃ¼rzburg gegrÃ¼ndet und ist heute GroÃhandlung, Vermieterin und Konzeptgeberin fÃ¼r rund 840 EinzelhandelsmÃ¤rkte der Marken âEDEKAâ, âE centerâ, âMarktkaufâ und âdiskaâ in Franken, der Oberpfalz, Sachsen, ThÃ¼ringen und dem nÃ¶rdlichen Baden-WÃ¼rttemberg. Zudem betreibt sie mit der Tochterfirma EDEKA Frische-Manufaktur NST GmbH zwei Produktionsbetriebe fÃ¼r Fleisch- und Wurstwaren. Gemeinsam mit den selbststÃ¤ndigen EDEKA-EinzelhÃ¤ndlern erzielte die EDEKA Unternehmensgruppe Nordbayern-Sachsen-ThÃ¼ringen im Jahr 2024 einen Verbundumsatz im EinzelhandelsgeschÃ¤ft von brutto rund 5,35 Mrd. Euro und beschÃ¤ftigt rund 47.500 Mitarbeitende und 1.200 Auszubildende. Sie ist somit einer der grÃ¶Ãten Arbeitgeber und Ausbilder in der Region.      ### Interessiert?  Dann haben wir hier weitere Informationen fÃ¼r Sie: Die Stelle ist  * ab sofort * in Voll- oder Teilzeit * im EDEKA Schuler am Standort 50599 Dietenhofen, RÃ¼derner Str. 27A  zu besetzen.Â  Wir freuen uns auf Ihre aussagekrÃ¤ftigen Bewerbungsunterlagen unter Angabe Ihres mÃ¶glichen Eintrittstermins vorzugsweise per E-Mail.      Willkommen sind bei uns alle Menschen â unabhÃ¤ngig von Geschlecht, NationalitÃ¤t, ethnischer und sozialer Herkunft, Behinderung, Religion, Alter sowie sexueller Orientierung.    """,Verkäufer Frischetheke (m/w/d) – EDEKA Schuler,None,"['EDEKA Schuler', 'Rüderner Straße 27 A', '90599', 'Dietenhofen']",None
https://verbund.edeka/karriere/stellenb%C3%B6rse/stelle-verk%C3%A4ufer-frischetheke-m-w-d-e-center-schuler-n%C3%BCrnberg-g%C3%BCnter-schuler-e.k.?id=208675_205730&type=j,Günter Schuler e.K.,"""FÃ¼r das E center Schuler in 90491 NÃ¼rnberg, ÃuÃere Bayreuther StraÃe 80 suchen wir ab sofort tatkrÃ¤ftige UnterstÃ¼tzung fÃ¼r das dortige Team      ### Ihre Aufgaben  * Durch Ihr serviceorientiertes Auftreten sorgen Sie fÃ¼r ein angenehmes Einkaufserlebnis an unserer Frischetheke * Mit Ihrer kompetenten Beratung unterstÃ¼tzen Sie unsere Kundinnen und Kunden bei ihrem Einkauf * Sie bereiten SpezialitÃ¤ten zu und verstehen es, diese attraktiv zu prÃ¤sentieren * Durch regelmÃ¤Ãige QualitÃ¤tskontrollen und der MHD-Kontrolle stellen Sie sicher, dass durchgehend ein frisches und ansprechendes Sortiment zur VerfÃ¼gung stehtÂ * Sie sind unter Einhaltung der gesetzlichen und betrieblichen Hygienerichtlinien aktiv im Verkauf und sorgen fÃ¼r Ordnung und Sauberkeit in der Abteilung      ### Ihr Profil  * Sie verfÃ¼gen Ã¼ber eine erfolgreich abgeschlossene Berufsausbildung, z.B. zum FachverkÃ¤ufer Fleischerei (m/w/d) * Sie bringen Erfahrungen im Lebensmitteleinzelhandel sowie in den genannten Bereichen mit * Freundlichkeit, Einsatzbereitschaft sowie die Einhaltung von Hygiene und Sauberkeit sind fÃ¼r Sie selbstverstÃ¤ndlich * Sie verstehen es, Kundinnen und Kunden zu begeistern und genieÃen das Arbeiten im direkten Kontakt * Sie sind zuverlÃ¤ssig und die Arbeit im Team bereitet Ihnen Freude * Kenntnisse der HACCP runden Ihr Profil ab      ### Wir bieten Ihnen  Mitarbeit in einem hochmotivierten Team und interessanten Umfeld. Dazu die MÃ¶glichkeit, Ihr KÃ¶nnen unter Beweis zu stellen und den Erfolg unseres Marktes mitzugestalten. Des Weiteren bieten wir Ihnen:  * 30 Tage Urlaub * Bike-Leasing * Weiterbildung * Betriebliche Altersvorsorge * PÃ¼nktliche Bezahlung * GÃ¼nstige Verkehrsanbindung      ### Infos zum Unternehmen  Die EDEKA Unternehmensgruppe Nordbayern-Sachsen-ThÃ¼ringen ist eine von sieben regionalen Unternehmensgruppen des genossenschaftlich organisierten EDEKA-Verbundes. Die Genossenschaft als Keimzelle der Unternehmensgruppe wurde vor 113 Jahren (im Jahr 1912) in WÃ¼rzburg gegrÃ¼ndet und ist heute GroÃhandlung, Vermieterin und Konzeptgeberin fÃ¼r rund 840 EinzelhandelsmÃ¤rkte der Marken âEDEKAâ, âE centerâ, âMarktkaufâ und âdiskaâ in Franken, der Oberpfalz, Sachsen, ThÃ¼ringen und dem nÃ¶rdlichen Baden-WÃ¼rttemberg. Zudem betreibt sie mit der Tochterfirma EDEKA Frische-Manufaktur NST GmbH zwei Produktionsbetriebe fÃ¼r Fleisch- und Wurstwaren. Gemeinsam mit den selbststÃ¤ndigen EDEKA-EinzelhÃ¤ndlern erzielte die EDEKA Unternehmensgruppe Nordbayern-Sachsen-ThÃ¼ringen im Jahr 2024 einen Verbundumsatz im EinzelhandelsgeschÃ¤ft von brutto rund 5,35 Mrd. Euro und beschÃ¤ftigt rund 47.500 Mitarbeitende und 1.200 Auszubildende. Sie ist somit einer der grÃ¶Ãten Arbeitgeber und Ausbilder in der Region.      ### Interessiert?  Dann haben wir hier weitere Informationen fÃ¼r Sie: Die Stelle ist  * ab sofort * in Voll- oder Teilzeit * im EDEKA Schuler am Standort 90491 NÃ¼rnberg, ÃuÃere Bayreuther StraÃe 80  zu besetzen.Â  Wir freuen uns auf Ihre aussagekrÃ¤ftigen Bewerbungsunterlagen unter Angabe Ihres mÃ¶glichen Eintrittstermins vorzugsweise per E-Mail.      Willkommen sind bei uns alle Menschen â unabhÃ¤ngig von Geschlecht, NationalitÃ¤t, ethnischer und sozialer Herkunft, Behinderung, Religion, Alter sowie sexueller Orientierung.    """,Verkäufer Frischetheke (m/w/d) – E center Schuler,None,"['E center Schuler Nürnberg', 'Äußere Bayreuther Str. 80', '90491', 'Nürnberg']",None
https://verbund.edeka/karriere/stellenb%C3%B6rse/stelle-verk%C3%A4ufer-mitarbeiter-schnippelk%C3%BCche-edeka-amp-e-center-griephan-m-w-d-dresden-griephan-e.k.?id=208674_208673&type=j,Griephan e.K.,"""FÃ¼r das E center in 01307 Dresden, HolbeinstraÃe 60 sowie den EDEKA Markt am Postplatz in 01067 Dresden, Wallstr. 14 suchen wir ab sofort tatkrÃ¤ftige UnterstÃ¼tzung fÃ¼r das dortige Team      ### Ihre Aufgaben  * Sie Ã¼bernehmen die Zubereitung und Veredelung von Obst, GemÃ¼se, Salaten und diversen Desserts nach Rezept * Zudem sind Sie zustÃ¤ndig fÃ¼r die WarenprÃ¤sentation und sorgen fÃ¼r ein ansprechendes Warenangebot * Durch Ihre kompetente Beratung und Ihr serviceorientiertes Auftreten sorgen Sie fÃ¼r ein angenehmes Einkaufserlebnis in unserem Markt * Sie arbeiten unter Einhaltung der gesetzlichen und betrieblichen Hygienerichtlinien * Durch regelmÃ¤Ãige QualitÃ¤tskontrollen stellen Sie sicher, dass der Kundschaft durchgehend ein frisches und ansprechendes Sortiment zur VerfÃ¼gung steht * Sie bedienen handelsÃ¼bliche Scannerkassen und sorgen fÃ¼r eine korrekte Kassenabwicklung      ### Ihr Profil  * Sie verfÃ¼gen Ã¼ber Erfahrungen in den oben genannten Punkten und haben SpaÃ am Kochen und zubereiten * Gern bringen Sie eine abgeschlossene Berufsausbildung im Bereich der Speisenzubereitung mit â Quereinsteiger (m/w/d) sind herzlich willkommen * Sie genieÃen das Arbeiten im direkten Kundenkontakt und haben auch in schwierigen Situationen ein LÃ¤cheln parat * Sie sind zeitlich flexibel, engagiert und genieÃen die Arbeit im Team * Kenntnisse der HACCP runden Ihr Profil ab      ### Wir bieten Ihnen  * 36 Tage Urlaub * Gute KarrierechancenÂ * Mitarbeiter-EventsÂ * PersonalrabattÂ * Umfassende EinarbeitungÂ * WeiterbildungÂ * FahrtkostenzuschussÂ * GÃ¼nstige VerkehrsanbindungÂ * JobticketÂ * MitarbeiterrabatteÂ * PÃ¼nktliche BezahlungÂ * Unbefristeter Arbeitsvertrag      ### Infos zum Unternehmen  Die EDEKA Unternehmensgruppe Nordbayern-Sachsen-ThÃ¼ringen ist eine von sieben regionalen Unternehmensgruppen des genossenschaftlich organisierten EDEKA-Verbundes. Die Genossenschaft als Keimzelle der Unternehmensgruppe wurde vor 113 Jahren (im Jahr 1912) in WÃ¼rzburg gegrÃ¼ndet und ist heute GroÃhandlung, Vermieterin und Konzeptgeberin fÃ¼r rund 840 EinzelhandelsmÃ¤rkte der Marken âEDEKAâ, âE centerâ, âMarktkaufâ und âdiskaâ in Franken, der Oberpfalz, Sachsen, ThÃ¼ringen und dem nÃ¶rdlichen Baden-WÃ¼rttemberg. Zudem betreibt sie mit der Tochterfirma EDEKA Frische-Manufaktur NST GmbH zwei Produktionsbetriebe fÃ¼r Fleisch- und Wurstwaren. Gemeinsam mit den selbststÃ¤ndigen EDEKA-EinzelhÃ¤ndlern erzielte die EDEKA Unternehmensgruppe Nordbayern-Sachsen-ThÃ¼ringen im Jahr 2024 einen Verbundumsatz im EinzelhandelsgeschÃ¤ft von brutto rund 5,35 Mrd. Euro und beschÃ¤ftigt rund 47.500 Mitarbeitende und 1.200 Auszubildende. Sie ist somit einer der grÃ¶Ãten Arbeitgeber und Ausbilder in der Region.      ### Interessiert?  Dann haben wir hier weitere Informationen fÃ¼r Sie: Die Stelle ist  * ab 01.08.2025, gerne auch frÃ¼her * in Voll- oder Teilzeit * in den Standorten  E center Griephan   HolbeinstraÃe 60   01307 Dresden  EDEKA Griephan   Wallstr. 14   01067 Dresden  zu besetzen.  Wir freuen uns auf Ihre Bewerbung unter Angabe Ihres mÃ¶glichen Eintrittstermins.   Bitte senden Sie uns Ihre Unterlagen per E-Mail oder alternativ per Post zu.      Willkommen sind bei uns alle Menschen â unabhÃ¤ngig von Geschlecht, NationalitÃ¤t, ethnischer und sozialer Herkunft, Behinderung, Religion, Alter sowie sexueller Orientierung.    """,Verkäufer / Mitarbeiter Schnippelküche - EDEKA &amp; E center Griephan (m/w/d),None,"['EDEKA Kompaktmarkt Griephan', 'Wallstraße 14', '01067', 'Dresden']",None
https://verbund.edeka/karriere/stellenb%C3%B6rse/stelle-verk%C3%A4ufer-mitarbeiter-schnippelk%C3%BCche-edeka-amp-e-center-griephan-m-w-d-dresden-griephan-e.k.?id=208674_199053&type=j,Griephan e.K.,"""FÃ¼r das E center in 01307 Dresden, HolbeinstraÃe 60 sowie den EDEKA Markt am Postplatz in 01067 Dresden, Wallstr. 14 suchen wir ab sofort tatkrÃ¤ftige UnterstÃ¼tzung fÃ¼r das dortige Team      ### Ihre Aufgaben  * Sie Ã¼bernehmen die Zubereitung und Veredelung von Obst, GemÃ¼se, Salaten und diversen Desserts nach Rezept * Zudem sind Sie zustÃ¤ndig fÃ¼r die WarenprÃ¤sentation und sorgen fÃ¼r ein ansprechendes Warenangebot * Durch Ihre kompetente Beratung und Ihr serviceorientiertes Auftreten sorgen Sie fÃ¼r ein angenehmes Einkaufserlebnis in unserem Markt * Sie arbeiten unter Einhaltung der gesetzlichen und betrieblichen Hygienerichtlinien * Durch regelmÃ¤Ãige QualitÃ¤tskontrollen stellen Sie sicher, dass der Kundschaft durchgehend ein frisches und ansprechendes Sortiment zur VerfÃ¼gung steht * Sie bedienen handelsÃ¼bliche Scannerkassen und sorgen fÃ¼r eine korrekte Kassenabwicklung      ### Ihr Profil  * Sie verfÃ¼gen Ã¼ber Erfahrungen in den oben genannten Punkten und haben SpaÃ am Kochen und zubereiten * Gern bringen Sie eine abgeschlossene Berufsausbildung im Bereich der Speisenzubereitung mit â Quereinsteiger (m/w/d) sind herzlich willkommen * Sie genieÃen das Arbeiten im direkten Kundenkontakt und haben auch in schwierigen Situationen ein LÃ¤cheln parat * Sie sind zeitlich flexibel, engagiert und genieÃen die Arbeit im Team * Kenntnisse der HACCP runden Ihr Profil ab      ### Wir bieten Ihnen  * 36 Tage Urlaub * Gute KarrierechancenÂ * Mitarbeiter-EventsÂ * PersonalrabattÂ * Umfassende EinarbeitungÂ * WeiterbildungÂ * FahrtkostenzuschussÂ * GÃ¼nstige VerkehrsanbindungÂ * JobticketÂ * MitarbeiterrabatteÂ * PÃ¼nktliche BezahlungÂ * Unbefristeter Arbeitsvertrag      ### Infos zum Unternehmen  Die EDEKA Unternehmensgruppe Nordbayern-Sachsen-ThÃ¼ringen ist eine von sieben regionalen Unternehmensgruppen des genossenschaftlich organisierten EDEKA-Verbundes. Die Genossenschaft als Keimzelle der Unternehmensgruppe wurde vor 113 Jahren (im Jahr 1912) in WÃ¼rzburg gegrÃ¼ndet und ist heute GroÃhandlung, Vermieterin und Konzeptgeberin fÃ¼r rund 840 EinzelhandelsmÃ¤rkte der Marken âEDEKAâ, âE centerâ, âMarktkaufâ und âdiskaâ in Franken, der Oberpfalz, Sachsen, ThÃ¼ringen und dem nÃ¶rdlichen Baden-WÃ¼rttemberg. Zudem betreibt sie mit der Tochterfirma EDEKA Frische-Manufaktur NST GmbH zwei Produktionsbetriebe fÃ¼r Fleisch- und Wurstwaren. Gemeinsam mit den selbststÃ¤ndigen EDEKA-EinzelhÃ¤ndlern erzielte die EDEKA Unternehmensgruppe Nordbayern-Sachsen-ThÃ¼ringen im Jahr 2024 einen Verbundumsatz im EinzelhandelsgeschÃ¤ft von brutto rund 5,35 Mrd. Euro und beschÃ¤ftigt rund 47.500 Mitarbeitende und 1.200 Auszubildende. Sie ist somit einer der grÃ¶Ãten Arbeitgeber und Ausbilder in der Region.      ### Interessiert?  Dann haben wir hier weitere Informationen fÃ¼r Sie: Die Stelle ist  * ab 01.08.2025, gerne auch frÃ¼her * in Voll- oder Teilzeit * in den Standorten  E center Griephan   HolbeinstraÃe 60   01307 Dresden  EDEKA Griephan   Wallstr. 14   01067 Dresden  zu besetzen.  Wir freuen uns auf Ihre Bewerbung unter Angabe Ihres mÃ¶glichen Eintrittstermins.   Bitte senden Sie uns Ihre Unterlagen per E-Mail oder alternativ per Post zu.      Willkommen sind bei uns alle Menschen â unabhÃ¤ngig von Geschlecht, NationalitÃ¤t, ethnischer und sozialer Herkunft, Behinderung, Religion, Alter sowie sexueller Orientierung.    """,Verkäufer / Mitarbeiter Schnippelküche - EDEKA &amp; E center Griephan (m/w/d),None,"['EDEKA Griephan', 'Holbeinstraße 60', '01307', 'Dresden']",None
https://verbund.edeka/karriere/stellenb%C3%B6rse/stelle-verk%C3%A4ufer-marktmitarbeiter-edeka-d%C3%BCrr-m-w-d-gr%C3%BCnsfeld-karl-d%C3%BCrr-verbraucherm%C3%A4rkte-gmbh?id=208672_208671&type=j,Karl Dürr Verbrauchermärkte GmbH,"""FÃ¼r den EDEKA-Markt DÃ¼rr in 97947 GrÃ¼nsfeld, Gartenweg 11 suchen wir ab sofort tatkrÃ¤ftige UnterstÃ¼tzung fÃ¼r das dortige TeamÂ      ### Ihre Aufgaben  * Durch Ihre kompetente Beratung und Ihr serviceorientiertes Auftreten sorgen Sie fÃ¼r ein angenehmes Einkaufserlebnis * Sie Ã¼bernehmen die WarenprÃ¤sentation und WarenverrÃ¤umung unseres Marktsortiments * Zudem sind Sie aktiv in der Beratung und sorgen fÃ¼r ein angenehmes Einkaufserlebnis * Mit KreativitÃ¤t und dem Auge fÃ¼rÂ´s Detail prÃ¤sentieren Sie den Kundinnen und Kunden ein ansprechendes Warenangebot * Durch regelmÃ¤Ãige QualitÃ¤tskontrollen und der MHD-Kontrolle stellen Sie sicher, dass durchgehend ein frisches und ansprechendes Sortiment zur VerfÃ¼gung steht      ### Ihr Profil  * Gerne verfÃ¼gen Sie Ã¼ber eine abgeschlossene kaufmÃ¤nnische Berufsausbildung und kÃ¶nnen auf erste Erfahrungen in Lebensmitteleinzelhandel verweisen * Gerne arbeiten wir Sie auch als Quereinsteiger (m/w/d) in unserem Markt ein * Sie haben Freude am Umgang mit Lebensmitteln und genieÃen das Arbeiten im direkten Kundenkontakt * Sie sind zeitlich flexibel, engagiert und ein Teamplayer * Vorzugsweise haben Sie schon Erfahrung im Umgang mit Scannerkassen gesammelt      ### Wir bieten Ihnen  * Gesundheitsvorsorge * Umfassende Einarbeitung * Urlaubs- und Weihnachtsgeld * Weiterbildung * Betriebliche Altersvorsorge * Mitarbeiterrabatte * PÃ¼nktliche Bezahlung * Unbefristeter Arbeitsvertrag * VermÃ¶genswirksame Leistungen * Zusatz Krankenversicherung * Zukunftssicherer Arbeitsplat      ### Infos zum Unternehmen  Die EDEKA Unternehmensgruppe Nordbayern-Sachsen-ThÃ¼ringen ist eine von sieben regionalen Unternehmensgruppen des genossenschaftlich organisierten EDEKA-Verbundes. Die Genossenschaft als Keimzelle der Unternehmensgruppe wurde vor 113 Jahren (im Jahr 1912) in WÃ¼rzburg gegrÃ¼ndet und ist heute GroÃhandlung, Vermieterin und Konzeptgeberin fÃ¼r rund 840 EinzelhandelsmÃ¤rkte der Marken âEDEKAâ, âE centerâ, âMarktkaufâ und âdiskaâ in Franken, der Oberpfalz, Sachsen, ThÃ¼ringen und dem nÃ¶rdlichen Baden-WÃ¼rttemberg. Zudem betreibt sie mit der Tochterfirma EDEKA Frische-Manufaktur NST GmbH zwei Produktionsbetriebe fÃ¼r Fleisch- und Wurstwaren. Gemeinsam mit den selbststÃ¤ndigen EDEKA-EinzelhÃ¤ndlern erzielte die EDEKA Unternehmensgruppe Nordbayern-Sachsen-ThÃ¼ringen im Jahr 2024 einen Verbundumsatz im EinzelhandelsgeschÃ¤ft von brutto rund 5,35 Mrd. Euro und beschÃ¤ftigt rund 47.500 Mitarbeitende und 1.200 Auszubildende. Sie ist somit einer der grÃ¶Ãten Arbeitgeber und Ausbilder in der Region.      ### Interessiert?  Dann haben wir hier weitere Informationen fÃ¼r Sie: Die Stelle ist  * ab sofort * in Voll- oder Teilzeit * Aushilfe, bevorzugt vormittags * im EDEKA DÃ¼rr am Standort     97947 GrÃ¼nsfeld, Gartenweg 1  zu besetzen.  Wir freuen uns auf Ihre aussagekrÃ¤ftigen Bewerbungsunterlagen unter Angabe Ihres mÃ¶glichen Eintrittstermins.   Bitte senden Sie uns Ihre Unterlagen per E-Mail zu oder geben Sie die Bewerbung alternativ bei uns im Markt ab.Â      Willkommen sind bei uns alle Menschen â unabhÃ¤ngig von Geschlecht, NationalitÃ¤t, ethnischer und sozialer Herkunft, Behinderung, Religion, Alter sowie sexueller Orientierung.    """,Verkäufer / Marktmitarbeiter - EDEKA Dürr (m/w/d),None,"['E aktiv Dürr', 'Gartenweg 11', '97947', 'Grünsfeld']",None
https://verbund.edeka/karriere/stellenb%C3%B6rse/stelle-verk%C3%A4ufer-marktmitarbeiter-edeka-d%C3%BCrr-m-w-d-creglingen-karl-d%C3%BCrr-verbraucherm%C3%A4rkte-gmbh?id=208670_208669&type=j,Karl Dürr Verbrauchermärkte GmbH,"""Der von Frau Schmiedecke betriebene EDEKA-Markt DÃ¼rr in 97993 Creglingen, Bad Mergentheimer Str. 10 sucht ab sofort UnterstÃ¼tzung fÃ¼r das dortige Team.      ### Ihre Aufgaben  * Durch Ihre kompetente Beratung und Ihr serviceorientiertes Auftreten sorgen Sie fÃ¼r ein angenehmes Einkaufserlebnis in unserem Markt * Mit KreativitÃ¤t und dem Auge fÃ¼rs Detail, prÃ¤sentieren Sie ein ansprechendes Warenangebot im jeweiligen Bereich * Sie Ã¼bernehmen die WarenprÃ¤sentation und WarenverrÃ¤umung des Marktsortiments * Durch regelmÃ¤Ãige QualitÃ¤tskontrollen stellen Sie sicher, dass durchgehend ein frisches und ansprechendes Sortiment zur VerfÃ¼gung steht * Unter Einhaltung der gesetzlichen und betrieblichen Hygienerichtlinien sind Sie aktiv im Verkauf und sorgen fÃ¼r Ordnung und Sauberkeit in der Abteilung      ### Ihr Profil  * Gern verfÃ¼gen Sie Ã¼ber eine erfolgreich abgeschlossene Berufsausbildung * Wir lernen auch motivierte Quereinsteiger (m/w/d) ein, die Lebensmittel genauso lieben wie wir * Vorzugsweise bringen Sie erste Erfahrungen im Lebensmitteleinzelhandel mit * Sie haben Freude am Umgang mit Lebensmitteln und genieÃen das Arbeiten im direkten Kundenkontakt * Ebenso bereitet Ihnen die Arbeit im Team Freude und Sie sind zeitlich flexibel einsetzbar      ### Wir bieten Ihnen  Zukunftsorientierte Mitarbeit in einem hochmotivierten Team und interessanten Umfeld. Dazu die MÃ¶glichkeit, Ihr KÃ¶nnen unter Beweis zu stellen und den Erfolg des Marktes mitzugestalten.  Des Weiteren bieten wir:  * Wir machen Sie fit fÃ¼r den Einsatz bei uns im Markt â Quereinsteiger (m/w/d) willkommen! * Gesundheitsvorsorge * Sicherer Arbeitsplatz * Mitarbeiter- Rabatte * Umfassende Einarbeitung * Urlaubsgeld * Weiterbildung * Betriebliche Altersvorsorge * PÃ¼nktliche Bezahlung * Unbefristeter Arbeitsvertrag * VermÃ¶genswirksame Leistungen * Â Weihnachtsgeld * Kindergartenzuschus      ### Infos zum Unternehmen  Die EDEKA Unternehmensgruppe Nordbayern-Sachsen-ThÃ¼ringen ist eine von sieben regionalen Unternehmensgruppen des genossenschaftlich organisierten EDEKA-Verbundes. Die Genossenschaft als Keimzelle der Unternehmensgruppe wurde vor 113 Jahren (im Jahr 1912) in WÃ¼rzburg gegrÃ¼ndet und ist heute GroÃhandlung, Vermieterin und Konzeptgeberin fÃ¼r rund 840 EinzelhandelsmÃ¤rkte der Marken âEDEKAâ, âE centerâ, âMarktkaufâ und âdiskaâ in Franken, der Oberpfalz, Sachsen, ThÃ¼ringen und dem nÃ¶rdlichen Baden-WÃ¼rttemberg. Zudem betreibt sie mit der Tochterfirma EDEKA Frische-Manufaktur NST GmbH zwei Produktionsbetriebe fÃ¼r Fleisch- und Wurstwaren. Gemeinsam mit den selbststÃ¤ndigen EDEKA-EinzelhÃ¤ndlern erzielte die EDEKA Unternehmensgruppe Nordbayern-Sachsen-ThÃ¼ringen im Jahr 2024 einen Verbundumsatz im EinzelhandelsgeschÃ¤ft von brutto rund 5,35 Mrd. Euro und beschÃ¤ftigt rund 47.500 Mitarbeitende und 1.200 Auszubildende. Sie ist somit einer der grÃ¶Ãten Arbeitgeber und Ausbilder in der Region.      ### Interessiert?  Dann haben wir hier weitere Informationen fÃ¼r Sie: Die Stelle ist  * ab sofort * in Voll- oder Teilzeit * im EDEKA DÃ¼rr an den Standorten     97993 Creglingen, Bad Mergentheimer Str. 10  zu besetzen.  Wir freuen uns auf Ihre aussagekrÃ¤ftigen Bewerbungsunterlagen unter Angabe Ihres mÃ¶glichen Eintrittstermins.   Bitte senden Sie uns Ihre Unterlagen per E-Mail zu oder geben Sie die Bewerbung alternativ bei uns im Markt ab.Â      Willkommen sind bei uns alle Menschen â unabhÃ¤ngig von Geschlecht, NationalitÃ¤t, ethnischer und sozialer Herkunft, Behinderung, Religion, Alter sowie sexueller Orientierung.    """,Verkäufer / Marktmitarbeiter - EDEKA Dürr (m/w/d),None,"['EDEKA Dürr', 'Bad Mergentheimer Straße 10', '97993', 'Creglingen']",None
https://verbund.edeka/karriere/stellenb%C3%B6rse/stelle-stellvertretende-marktleitung-m-w-d-edeka-legat-neustadt-an-der-waldnaab-stefan-legat?id=208667_185311&type=j,Stefan Legat,"""Der EDEKA Markt Legat in 92660 Neustadt/Waldnaab, Innere FloÃer Str. 7 sucht ab sofort tatkrÃ¤ftige UnterstÃ¼tzung.Â      ### Ihre Aufgaben  * **Kennenlernen:** Machen Sie sich mit unsere EDEKA-DNA vertraut und lernen Sie unsere internen Prozesse und AblÃ¤ufe detailliert kennen. Unsere Kundinnen und Kunden stehen dabei absolut im Fokus. * **Marktorganisation:** Sie unterstÃ¼tzen die Marktleitung bei der Optimierung der AblÃ¤ufe in unseren MÃ¤rkten sowie bei der PrÃ¤sentation der Produkte und WarenÂ * **MitarbeiterfÃ¼hrung:** Sie fÃ¼hren die Mitarbeitenden an ihre Aufgaben heran und arbeiten gern auf der FlÃ¤che mit * **Planung:** Sie unterstÃ¼tzen bei der Planung und Realisierung unserer Umsatz- und ErtragszieleÂ * **Kundenbindung:** Sie reprÃ¤sentieren das Unternehmen nach Innen und AuÃen und betreiben eine aktive Kundenbindung und -gewinnungÂ * **Optimierung:** Sie sind fÃ¼r die PrÃ¤sentation der Produkte und Waren verantwortlich * **Sortimentspflege:** Sie Ã¼berwachen die Sortimentspflege und WarenqualitÃ¤t      ### Ihr Profil  * **Ausbildung:** Sie verfÃ¼gen Ã¼ber eine erfolgreich abgeschlossene kaufmÃ¤nnische Ausbildung sowie Berufserfahrung im Lebensmitteleinzelhandel * **Erfahrung:** Sie haben Kenntnisse und Erfahrungen im WarengeschÃ¤ft und in der PersonalfÃ¼hrung * **PersÃ¶nlichkeit:** Ihr Engagement und zielorientiertes Handeln sind gepaart mit Freude am Verkauf * **StÃ¤rken:** Ihre Arbeitsweise ist gut strukturiert, Sie agieren selbstÃ¤ndig, zeigen Einsatzbereitschaft und wissen Ihr Team zu motivieren * **Weiterentwicklung:** Sie sind bereit neue Wege zu erkunden, sich weiterzuentwickeln und neuen Herausforderungen zu stellen * **Kenntnisse:** Abgerundet wird Ihr Profil durch Kenntnisse der HACCP      ### Wir bieten Ihnen  * Bike-Leasing * Gute Karrierechancen Â * Mitarbeiter-Events * Umfassende Einarbeitung Â * Urlaubs- und Weihnachtsgeld Â * Weiterbildung * Mitarbeiterrabatte * VermÃ¶genswirksame Leistungen Â      ### Infos zum Unternehmen  Die EDEKA Unternehmensgruppe Nordbayern-Sachsen-ThÃ¼ringen ist eine von sieben regionalen Unternehmensgruppen des genossenschaftlich organisierten EDEKA-Verbundes. Die Genossenschaft als Keimzelle der Unternehmensgruppe wurde vor 113 Jahren (im Jahr 1912) in WÃ¼rzburg gegrÃ¼ndet und ist heute GroÃhandlung, Vermieterin und Konzeptgeberin fÃ¼r rund 840 EinzelhandelsmÃ¤rkte der Marken âEDEKAâ, âE centerâ, âMarktkaufâ und âdiskaâ in Franken, der Oberpfalz, Sachsen, ThÃ¼ringen und dem nÃ¶rdlichen Baden-WÃ¼rttemberg. Zudem betreibt sie mit der Tochterfirma EDEKA Frische-Manufaktur NST GmbH zwei Produktionsbetriebe fÃ¼r Fleisch- und Wurstwaren. Gemeinsam mit den selbststÃ¤ndigen EDEKA-EinzelhÃ¤ndlern erzielte die EDEKA Unternehmensgruppe Nordbayern-Sachsen-ThÃ¼ringen im Jahr 2024 einen Verbundumsatz im EinzelhandelsgeschÃ¤ft von brutto rund 5,35 Mrd. Euro und beschÃ¤ftigt rund 47.500 Mitarbeitende und 1.200 Auszubildende. Sie ist somit einer der grÃ¶Ãten Arbeitgeber und Ausbilder in der Region.      ### Interessiert?  Dann haben wir hier weitere Informationen fÃ¼r Sie: Die Stelle ist  * ab sofort * in Vollzeit * im E center Legat am Standort 92637 Weiden, NeustÃ¤dter Str. 51  zu besetzen.Â  Bewerben Sie sich schnell und werden Sie ein Teil unseres Teams! Wir freuen uns!   Wir nehmen Bewerbungen per E-Mail, per Post oder im Markt an!      Willkommen sind bei uns alle Menschen â unabhÃ¤ngig von Geschlecht, NationalitÃ¤t, ethnischer und sozialer Herkunft, Behinderung, Religion, Alter sowie sexueller Orientierung.    """,Stellvertretende Marktleitung (m/w/d) – EDEKA Legat,None,"['EDEKA Legat', 'Innere Flosser Straße 7', '92660', 'Neustadt an der Waldnaab']",None
https://verbund.edeka/karriere/stellenb%C3%B6rse/stelle-projektleiter-unternehmensentwicklung-m-w-d-rottendorf-edeka-nordbayern-sachsen-th%C3%BCringen-stiftung-amp-co.-kg?id=208666_187344&type=j,EDEKA Nordbayern-Sachsen-Thüringen Stiftung &amp; Co. KG,"""FÃ¼r die Unternehmensentwicklung der EDEKA Unternehmensgruppe Nordbayern-Sachsen-ThÃ¼ringen mit Sitz in 97228 Rottendorf, Edekastr. 1 suchen Ihre UnterstÃ¼tzung.      ### Ihre Aufgaben  * Sie sind die treibende Kraft hinter strategischen sowie fachbereichsÃ¼bergreifenden Projekten und sorgen fÃ¼r eine nachhaltige Weiterentwicklung unseres Unternehmens. * Sie Ã¼bernehmen die Projektleitung und verantworten alle relevanten ArbeitsstrÃ¤nge â von der strategischen und inhaltlichen Konzeption Ã¼ber die detaillierte Planung bis hin zur erfolgreichen Umsetzung. Durch einen aktiven bereichsÃ¼bergreifenden Austausch stellen Sie sicher, dass die Projekte im Sinne des Gesamtunternehmens zielgerichtet realisiert werden. * Sie agieren als interner Sparringspartner (m/w/d) und verantworten Fragestellungen der ganzheitlichen, strategischen Unternehmensentwicklung. Dabei bringen Sie neue Perspektiven ein, treiben Entscheidungsprozesse voran und fÃ¶rdern eine lÃ¶sungsorientierte Zusammenarbeit Ã¼ber den Fachbereichen hinweg. * Sie analysieren und werten interne und externe Informationen aus und bereiten die gewonnenen Erkenntnisse auf. Sie entwickeln zukunftsorientierte, kreative Ideen und LÃ¶sungsansÃ¤tze und unterstÃ¼tzen die GeschÃ¤ftsbereiche bei der Umsetzung entsprechender MaÃnahmen.Â * Ferner konzeptionieren und organisieren Sie Arbeitssitzungen und Workshops.      ### Ihr Profil  * Sie verfÃ¼gen Ã¼ber einen UniversitÃ¤ts- oder Fachhochschulabschluss, gerne mit Handelsschwerpunkt * Sie haben fundierte Berufserfahrung im Bereich Projektmanagement in der Projektleitung oder einer Unternehmensentwicklungsabteilung im Handel/ der Industrie gesammelt. * Ferner verfÃ¼gen Sie Ã¼ber ausgezeichnete analytische FÃ¤higkeiten, ein methodisch breites Wissen und ein ausgeprÃ¤gtes OrganisationsvermÃ¶gen * Sie zeichnen sich durch hohes Engagement und geistige FlexibilitÃ¤t, verbunden mit Pragmatismus, Effizienz und einer lÃ¶sungsorientierten Arbeitsweise ausÂ * Ein hohes MaÃ an Kundenorientierung ist fÃ¼r Sie selbstverstÃ¤ndlich. Sie sind darÃ¼ber hinaus ein belastbarer Teamplayer (m/w/d) mit hoher EigenmotivationÂ * Ihre sehr guten Kenntnisse im Umgang mit MS Office-Programmen fÃ¼hren zu vorstandstauglichen, hochwertigen âStorylinesâ und PrÃ¤sentationenÂ      ### Wir bieten Ihnen  * In der Unternehmensentwicklung erwartet Sie eine herausfordernde TÃ¤tigkeit in einem dynamischen Markt. Sie arbeiten in einem teamorientierten Arbeitsklima mit sehr guten Entwicklungschancen. RegelmÃ¤Ãiges Feedback und die schnelle Ãbernahme von Verantwortung fÃ¼r eigene Projekte fÃ¶rdern ihre âsteile Lernkurveâ * Wir bieten Ihnen eine leistungsgerechte und Ihrer Qualifikation entsprechende VergÃ¼tung * Einen sicheren Arbeitsplatz in einer traditionsreichen Unternehmensgruppe, die bereits 1907 gegrÃ¼ndet wurde: Bei uns erhalten Sie einen unbefristeten ArbeitsvertragÂ * Flexible Arbeitszeiten im Voll- oder Teilzeitmodell mit kurzem Freitag und 30 Tage Jahresurlaub * FlexibilitÃ¤t durch mobile Arbeit mit Homeoffice-Option sowie die MÃ¶glichkeit einer beruflichen Auszeit * Vielseitige WeiterbildungsmÃ¶glichkeiten sowohl in persÃ¶nlicher als auch in fachlicher Hinsicht * Sehr gÃ¼nstige und bezuschusste Verpflegung * UnterstÃ¼tzung bei der betrieblichen Altersvorsorge * Wir setzen auf Firmensport, der so individuell ist wie unsere Mitarbeitenden: Egal ob Fitness, Yoga, Schwimmen, Bouldern oder vieles mehr * Mit kostenlosem frischem Obst, Kaffee und gesunden Snacks unterstÃ¼tzen wir unsere Mitarbeitenden im Berufsalltag * JobRad bringt Tempo in unser betriebliches Gesundheitsmanagement und Sie aufs Rad! * Diverse VergÃ¼nstigungen fÃ¼r Mitarbeitende Ã¼ber unser Corporate Benefits-Programm * Die MÃ¶glichkeit, von guten Konditionen bei der EDEKA Bank und dem EDEKA Versicherungsdienst zu profitieren * Kostenfreie ParkplÃ¤tze und eine gute Verkehrsanbindung      ### Infos zum Unternehmen  Die EDEKA Unternehmensgruppe Nordbayern-Sachsen-ThÃ¼ringen ist eine von sieben regionalen Unternehmensgruppen des genossenschaftlich organisierten EDEKA-Verbundes. Die Genossenschaft als Keimzelle der Unternehmensgruppe wurde vor 113 Jahren (im Jahr 1912) in WÃ¼rzburg gegrÃ¼ndet und ist heute GroÃhandlung, Vermieterin und Konzeptgeberin fÃ¼r rund 840 EinzelhandelsmÃ¤rkte der Marken âEDEKAâ, âE centerâ, âMarktkaufâ und âdiskaâ in Franken, der Oberpfalz, Sachsen, ThÃ¼ringen und dem nÃ¶rdlichen Baden-WÃ¼rttemberg. Zudem betreibt sie mit der Tochterfirma EDEKA Frische-Manufaktur NST GmbH zwei Produktionsbetriebe fÃ¼r Fleisch- und Wurstwaren. Gemeinsam mit den selbststÃ¤ndigen EDEKA-EinzelhÃ¤ndlern erzielte die EDEKA Unternehmensgruppe Nordbayern-Sachsen-ThÃ¼ringen im Jahr 2024 einen Verbundumsatz im EinzelhandelsgeschÃ¤ft von brutto rund 5,35 Mrd. Euro und beschÃ¤ftigt rund 47.500 Mitarbeitende und 1.200 Auszubildende. Sie ist somit einer der grÃ¶Ãten Arbeitgeber und Ausbilder in der Region.      ### Interessiert?  Wir freuen uns auf Ihre Online-Bewerbung mit aussagekrÃ¤ftigen Bewerbungsunterlagen (wie Lebenslauf und vollstÃ¤ndigen Zeugnissen) unter Angabe Ihrer Gehaltsvorstellungen und Ihres mÃ¶glichen Eintrittstermins. Gespannt auf Ihre Bewerbung benÃ¶tigen wir ein wenig Zeit, Ihre Unterlagen aufmerksam zu sichten. AnschlieÃend werden wir uns schnellstmÃ¶glich bei Ihnen melden.Â      Willkommen sind bei uns alle Menschen â unabhÃ¤ngig von Geschlecht, NationalitÃ¤t, ethnischer und sozialer Herkunft, Behinderung, Religion, Alter sowie sexueller Orientierung.    """,Projektleiter Unternehmensentwicklung (m/w/d),None,"['EDEKA Verwaltung', 'Edekastraße 3', '97228', 'Rottendorf']",None
https://verbund.edeka/karriere/stellenb%C3%B6rse/stelle-marktmitarbeiter-verk%C3%A4ufer-m-w-d-edeka-schuler-leutershausen-g%C3%BCnter-schuler-e.k.?id=208665_208664&type=j,Günter Schuler e.K.,"""FÃ¼r den EDEK-Markt Schuler in 91578 Leutershausen, Steinweg 11 suchen wir ab sofort tatkrÃ¤ftige UnterstÃ¼tzung fÃ¼r das dortige Team      ### Ihre Aufgaben  * Sie Ã¼bernehmen die WarenprÃ¤sentation und -verrÃ¤umung * Zudem sind Sie aktiv in der Beratung und sorgen fÃ¼r ein angenehmes Einkaufserlebnis bei unseren Kundinnen und Kunden * Durch regelmÃ¤Ãige Kontrollen stellen Sie sicher, dass durchgehend ein ansprechendes Sortiment zur VerfÃ¼gung steht * Sie unterstÃ¼tzen bei Werbeaktionen und sorgen fÃ¼r eine ansprechende Abteilung      ### Ihr Profil  * Sie verfÃ¼gen Ã¼ber eine abgeschlossene kaufmÃ¤nnische Berufsausbildung und konnten bereits Berufserfahrung sammeln * Sie zeichnen sich durch Ihre ZuverlÃ¤ssigkeit und ihr Verantwortungsbewusstsein aus * Sie sind zeitlich flexibel, engagiert und genieÃen die Arbeit im Team * Zudem legen Sie groÃen Wert auf das professionelle Beraten der Kundschaft * Kenntnisse der aktuellen Hygienevorschriften (HACCP) runden Ihr Profil ab      ### Wir bieten Ihnen  Mitarbeit in einem hochmotivierten Team und interessanten Umfeld. Dazu die MÃ¶glichkeit, Ihr KÃ¶nnen unter Beweis zu stellen und den Erfolg unseres Marktes mitzugestalten. Des Weiteren bieten wir Ihnen:  * 30 Tage Urlaub * Bike-Leasing * Weiterbildung * Betriebliche Altersvorsorge * PÃ¼nktliche Bezahlung      ### Infos zum Unternehmen  Die EDEKA Unternehmensgruppe Nordbayern-Sachsen-ThÃ¼ringen ist eine von sieben regionalen Unternehmensgruppen des genossenschaftlich organisierten EDEKA-Verbundes. Die Genossenschaft als Keimzelle der Unternehmensgruppe wurde vor 113 Jahren (im Jahr 1912) in WÃ¼rzburg gegrÃ¼ndet und ist heute GroÃhandlung, Vermieterin und Konzeptgeberin fÃ¼r rund 840 EinzelhandelsmÃ¤rkte der Marken âEDEKAâ, âE centerâ, âMarktkaufâ und âdiskaâ in Franken, der Oberpfalz, Sachsen, ThÃ¼ringen und dem nÃ¶rdlichen Baden-WÃ¼rttemberg. Zudem betreibt sie mit der Tochterfirma EDEKA Frische-Manufaktur NST GmbH zwei Produktionsbetriebe fÃ¼r Fleisch- und Wurstwaren. Gemeinsam mit den selbststÃ¤ndigen EDEKA-EinzelhÃ¤ndlern erzielte die EDEKA Unternehmensgruppe Nordbayern-Sachsen-ThÃ¼ringen im Jahr 2024 einen Verbundumsatz im EinzelhandelsgeschÃ¤ft von brutto rund 5,35 Mrd. Euro und beschÃ¤ftigt rund 47.500 Mitarbeitende und 1.200 Auszubildende. Sie ist somit einer der grÃ¶Ãten Arbeitgeber und Ausbilder in der Region.      ### Interessiert?  Dann haben wir hier weitere Informationen fÃ¼r Sie: Die Stelle ist  * ab sofort * in Voll- oder Teilzeit * im EDEKA Schuler am Standort 91578 Leutershausen, Steinweg 11  zu besetzen.Â  Wir freuen uns auf Ihre aussagekrÃ¤ftigen Bewerbungsunterlagen unter Angabe Ihres mÃ¶glichen Eintrittstermins vorzugsweise per E-Mail.      Willkommen sind bei uns alle Menschen â unabhÃ¤ngig von Geschlecht, NationalitÃ¤t, ethnischer und sozialer Herkunft, Behinderung, Religion, Alter sowie sexueller Orientierung.    """,Marktmitarbeiter / Verkäufer (m/w/d) – EDEKA Schuler,None,"['EDEKA Schuler', 'Steinweg 11', '91578', 'Leutershausen']",None
https://verbund.edeka/karriere/stellenb%C3%B6rse/stelle-marktmitarbeiter-verk%C3%A4ufer-m-w-d-edeka-schuler-langenzenn-g%C3%BCnter-schuler-e.k.?id=208663_191722&type=j,Günter Schuler e.K.,"""FÃ¼r den EDEK-Markt Schuler in 90579 Langenzenn, WÃ¼rzburger StraÃe 26 suchen wir ab sofort tatkrÃ¤ftige UnterstÃ¼tzung fÃ¼r das dortige Team      ### Ihre Aufgaben  * Sie Ã¼bernehmen die WarenprÃ¤sentation und -verrÃ¤umung * Zudem sind Sie aktiv in der Beratung und sorgen fÃ¼r ein angenehmes Einkaufserlebnis bei unseren Kundinnen und Kunden * Durch regelmÃ¤Ãige Kontrollen stellen Sie sicher, dass durchgehend ein ansprechendes Sortiment zur VerfÃ¼gung steht * Sie unterstÃ¼tzen bei Werbeaktionen und sorgen fÃ¼r eine ansprechende Abteilung      ### Ihr Profil  * Sie verfÃ¼gen Ã¼ber eine abgeschlossene kaufmÃ¤nnische Berufsausbildung und konnten bereits Berufserfahrung sammeln * Sie zeichnen sich durch Ihre ZuverlÃ¤ssigkeit und ihr Verantwortungsbewusstsein aus * Sie sind zeitlich flexibel, engagiert und genieÃen die Arbeit im Team * Zudem legen Sie groÃen Wert auf das professionelle Beraten der Kundschaft * Kenntnisse der aktuellen Hygienevorschriften (HACCP) runden Ihr Profil ab      ### Wir bieten Ihnen  Mitarbeit in einem hochmotivierten Team und interessanten Umfeld. Dazu die MÃ¶glichkeit, Ihr KÃ¶nnen unter Beweis zu stellen und den Erfolg unseres Marktes mitzugestalten. Des Weiteren bieten wir Ihnen:  * 30 Tage Urlaub * Bike-Leasing * Weiterbildung * Betriebliche Altersvorsorge * PÃ¼nktliche Bezahlung      ### Infos zum Unternehmen  Die EDEKA Unternehmensgruppe Nordbayern-Sachsen-ThÃ¼ringen ist eine von sieben regionalen Unternehmensgruppen des genossenschaftlich organisierten EDEKA-Verbundes. Die Genossenschaft als Keimzelle der Unternehmensgruppe wurde vor 113 Jahren (im Jahr 1912) in WÃ¼rzburg gegrÃ¼ndet und ist heute GroÃhandlung, Vermieterin und Konzeptgeberin fÃ¼r rund 840 EinzelhandelsmÃ¤rkte der Marken âEDEKAâ, âE centerâ, âMarktkaufâ und âdiskaâ in Franken, der Oberpfalz, Sachsen, ThÃ¼ringen und dem nÃ¶rdlichen Baden-WÃ¼rttemberg. Zudem betreibt sie mit der Tochterfirma EDEKA Frische-Manufaktur NST GmbH zwei Produktionsbetriebe fÃ¼r Fleisch- und Wurstwaren. Gemeinsam mit den selbststÃ¤ndigen EDEKA-EinzelhÃ¤ndlern erzielte die EDEKA Unternehmensgruppe Nordbayern-Sachsen-ThÃ¼ringen im Jahr 2024 einen Verbundumsatz im EinzelhandelsgeschÃ¤ft von brutto rund 5,35 Mrd. Euro und beschÃ¤ftigt rund 47.500 Mitarbeitende und 1.200 Auszubildende. Sie ist somit einer der grÃ¶Ãten Arbeitgeber und Ausbilder in der Region.      ### Interessiert?  Dann haben wir hier weitere Informationen fÃ¼r Sie: Die Stelle ist  * ab sofort * in Voll- oder Teilzeit * im EDEKA Schuler am Standort 90579 Langenzenn, WÃ¼rzburger StraÃe 26  zu besetzen.Â  Wir freuen uns auf Ihre aussagekrÃ¤ftigen Bewerbungsunterlagen unter Angabe Ihres mÃ¶glichen Eintrittstermins vorzugsweise per E-Mail.      Willkommen sind bei uns alle Menschen â unabhÃ¤ngig von Geschlecht, NationalitÃ¤t, ethnischer und sozialer Herkunft, Behinderung, Religion, Alter sowie sexueller Orientierung.    """,Marktmitarbeiter / Verkäufer (m/w/d) – EDEKA Schuler,None,"['EDEKA Schuler', 'Würzburger Str. 26', '90579', 'Langenzenn']",None
https://verbund.edeka/karriere/stellenb%C3%B6rse/stelle-marktmitarbeiter-verk%C3%A4ufer-m-w-d-edeka-schuler-flachslanden-g%C3%BCnter-schuler-e.k.?id=208662_192410&type=j,Günter Schuler e.K.,"""FÃ¼r den EDEK-Markt Schuler in 91604 Flachslanden, Kellerfeld 2 suchen wir ab sofort tatkrÃ¤ftige UnterstÃ¼tzung fÃ¼r das dortige Team      ### Ihre Aufgaben  * Sie Ã¼bernehmen die WarenprÃ¤sentation und -verrÃ¤umung * Zudem sind Sie aktiv in der Beratung und sorgen fÃ¼r ein angenehmes Einkaufserlebnis bei unseren Kundinnen und Kunden * Durch regelmÃ¤Ãige Kontrollen stellen Sie sicher, dass durchgehend ein ansprechendes Sortiment zur VerfÃ¼gung steht * Sie unterstÃ¼tzen bei Werbeaktionen und sorgen fÃ¼r eine ansprechende Abteilung      ### Ihr Profil  * Sie verfÃ¼gen Ã¼ber eine abgeschlossene kaufmÃ¤nnische Berufsausbildung und konnten bereits Berufserfahrung sammeln * Sie zeichnen sich durch Ihre ZuverlÃ¤ssigkeit und ihr Verantwortungsbewusstsein aus * Sie sind zeitlich flexibel, engagiert und genieÃen die Arbeit im Team * Zudem legen Sie groÃen Wert auf das professionelle Beraten der Kundschaft * Kenntnisse der aktuellen Hygienevorschriften (HACCP) runden Ihr Profil ab      ### Wir bieten Ihnen  Mitarbeit in einem hochmotivierten Team und interessanten Umfeld. Dazu die MÃ¶glichkeit, Ihr KÃ¶nnen unter Beweis zu stellen und den Erfolg unseres Marktes mitzugestalten. Des Weiteren bieten wir Ihnen:  * 30 Tage Urlaub * Bike-Leasing * Weiterbildung * Betriebliche Altersvorsorge * PÃ¼nktliche Bezahlung      ### Infos zum Unternehmen  Die EDEKA Unternehmensgruppe Nordbayern-Sachsen-ThÃ¼ringen ist eine von sieben regionalen Unternehmensgruppen des genossenschaftlich organisierten EDEKA-Verbundes. Die Genossenschaft als Keimzelle der Unternehmensgruppe wurde vor 113 Jahren (im Jahr 1912) in WÃ¼rzburg gegrÃ¼ndet und ist heute GroÃhandlung, Vermieterin und Konzeptgeberin fÃ¼r rund 840 EinzelhandelsmÃ¤rkte der Marken âEDEKAâ, âE centerâ, âMarktkaufâ und âdiskaâ in Franken, der Oberpfalz, Sachsen, ThÃ¼ringen und dem nÃ¶rdlichen Baden-WÃ¼rttemberg. Zudem betreibt sie mit der Tochterfirma EDEKA Frische-Manufaktur NST GmbH zwei Produktionsbetriebe fÃ¼r Fleisch- und Wurstwaren. Gemeinsam mit den selbststÃ¤ndigen EDEKA-EinzelhÃ¤ndlern erzielte die EDEKA Unternehmensgruppe Nordbayern-Sachsen-ThÃ¼ringen im Jahr 2024 einen Verbundumsatz im EinzelhandelsgeschÃ¤ft von brutto rund 5,35 Mrd. Euro und beschÃ¤ftigt rund 47.500 Mitarbeitende und 1.200 Auszubildende. Sie ist somit einer der grÃ¶Ãten Arbeitgeber und Ausbilder in der Region.      ### Interessiert?  Dann haben wir hier weitere Informationen fÃ¼r Sie: Die Stelle ist  * ab sofort * in Voll- oder Teilzeit * im EDEKA Schuler am Standort 91604 Flachslanden, Kellerfeld  zu besetzen.Â  Wir freuen uns auf Ihre aussagekrÃ¤ftigen Bewerbungsunterlagen unter Angabe Ihres mÃ¶glichen Eintrittstermins vorzugsweise per E-Mail.      Willkommen sind bei uns alle Menschen â unabhÃ¤ngig von Geschlecht, NationalitÃ¤t, ethnischer und sozialer Herkunft, Behinderung, Religion, Alter sowie sexueller Orientierung.    """,Marktmitarbeiter / Verkäufer (m/w/d) – EDEKA Schuler,None,"['EDEKA Schuler', 'Kellerfeld 2', '91604', 'Flachslanden']",None
https://verbund.edeka/karriere/stellenb%C3%B6rse/stelle-verk%C3%A4uferin-bedientheke-m-w-d-aurich-selbstst%C3%A4ndiger-einzelhandel?id=208661_181597&type=j,Selbstständiger Einzelhandel,"""**UnterstÃ¼tzen Sie uns in Teilzeit mit 25 Stunden in der Woche in unserem EDEKA Markt Bontjer im SÃ¼deweg 7, 26607 Aurich!**      ### Aufgaben, die Ihnen schmecken  * Mit Freude bedienen und beraten Sie unsere Kundschaft. * An unserer Bedientheke fÃ¼r Fleisch, Wurst und KÃ¤se prÃ¤sentieren, disponieren und pflegen Sie das Sortiment. * Zu Ihren Aufgaben gehÃ¶rt es, die Ware vor- und zuzubereiten, nach Rezept zu veredeln und z. B. Salate herzustellen.      ### Erkennen Sie sich wieder?  * Sie sind im Einzelhandel ausgebildet (z. B. Kauffrau oder Kaufmann im Einzelhandel) - ein Quereinstieg ist auch mÃ¶glich. * Sie haben SpaÃ an Ihren Aufgaben und arbeiten gerne im Team. * Erste Berufserfahrungen im Warenbereich und Verkaufserfahrung an der Bedientheke konnten Sie bereits sammeln. * Mit Vorgaben der Lebensmittelkontrolle und AblÃ¤ufen in Produktion und Verkauf sind Sie vertraut. * Idealerweise verfÃ¼gen Sie Ã¼ber den Sachkundenachweis nach der Lebensmittelhygieneverordnung.      ### Gute GrÃ¼nde fÃ¼r uns  * 4-Tage-Woche * FrÃ¼h- und SpÃ¤tschicht im festen Wechsel * spannende und abwechslungsreiche TÃ¤tigkeiten mit einer sorgfÃ¤ltigen Einarbeitung * ein kollegiales und verstÃ¤ndnisvolles Team bei einem eng mit der Region verwurzelten Arbeitgeber * Schulungen auf Basis unseres umfangreichen Seminarkatalogs durch interne und externe Trainer * 10% Mitarbeiterrabatt auf das gesamte Sortiment * flexible Arbeitszeiten mit einem Stundenkonto und eine gute Bezahlung rundet unser Angebot ab * Beteiligung an vermÃ¶genswirksamen Leistungen      ### Ein attraktiver Arbeitgeber  Mit einem AuÃenumsatz von rund 12,24 Milliarden Euro und rund 76.000 Mitarbeiterinnen und Mitarbeitern (einschlieÃlich des selbststÃ¤ndigen Einzelhandels und fast 3.400 Auszubildenden) ist die **[EDEKA Minden-Hannover](https://verbund.edeka/minden-hannover/)** die umsatzstÃ¤rkste von insgesamt sieben Regionalgesellschaften im genossenschaftlich organisierten EDEKA-Verbund. Sie besteht seit 1920, erstreckt sich von der niederlÃ¤ndischen bis an die polnische Grenze und umfasst Bremen, Niedersachsen, einen Teil von Ostwestfalen-Lippe, Sachsen-Anhalt, Berlin und Brandenburg. Mehr als drei Viertel der fast 1.500 MÃ¤rkte sind in der Hand von rund 640 selbststÃ¤ndigen EDEKA-Kaufleuten. Zum Unternehmensverbund gehÃ¶ren mehrere Produktionsbetriebe, darunter die Brot- und Backwarenproduktion **[SchÃ¤ferâs](https://www.schaefers-brot.de/),** die Produktion fÃ¼r Fleisch- und Wurstwaren [**Bauerngut**](https://www.bauerngut.de/) sowie das Traditionsunternehmen fÃ¼r Fischverarbeitung [**Hagenah**](https://www.diefischwerker.com/) in Hamburg. Die EDEKA Minden-Hannover engagiert sich wegweisend in Sachen Nachhaltigkeit und Klimaschutz. Seit Ã¼ber 100 Jahren ist **[verantwortungsvolles und nachhaltiges Handeln](https://www.nachhaltigkeit.minden.edeka.de/)** eines der Grundprinzipien des Unternehmensverbundes.    """,Verkäuferin Bedientheke (m/w/d),None,"['EDEKA Bontjer', 'Südeweg 7', '26607', 'Aurich']",None
https://verbund.edeka/karriere/stellenb%C3%B6rse/stelle-verkaufshilfe-m-w-d-m%C3%A4rkische-heide-gro%C3%9F-leuthen-edeka-markt-minden-hannover-gmbh?id=208660_193570&type=j,EDEKA-Markt Minden-Hannover GmbH,"""**UnterstÃ¼tzen Sie uns in Vollzeit im nah & gut in 15913 MÃ¤rkische Heide-GroÃ Leuthen, BahnhofstraÃe!**      ### UnterstÃ¼tzen Sie uns tatkrÃ¤ftig!  * Sie bedienen und beraten unsere Kunden - hohe Service- und Kundenorientierung. * Sie arbeiten an der Kasse / SB-Kasse und sind fÃ¼r Ihre Kasse verantwortlich. * Beim verrÃ¤umen der Waren im Markt, achten Sie auf eine ansprechende PrÃ¤sentation. * Bei der Pflege und Reinigung unserer Regale wirken Sie aktiv mit.      ### Erkennen Sie sich wieder?  * Erfahrungen im Aufgabenbereich wÃ¤ren wÃ¼nschenswert, sind aber nicht erforderlich. * Sie sind zeitlich flexibel einsetzbar. * Lieben Sie Lebensmittel, sind kundenfreundlich, flexibel und teamfÃ¤hig? Dann sind Sie bei uns genau richtig.      ### Das kÃ¶nnen Sie von uns erwarten  * Wir bezahlen Sie nach Tarif! * Wir gewÃ¤hren Ihnen 10% Personalrabatt! * Sie haben Anspruch auf 6 Wochen Urlaub im Jahr. * Wir bieten ein attraktives Gesamtpaket an Leistungen eines tarifgebundenen Unternehmens, tarifliche Sonderzahlungen sowie eine betriebliche Altersvorsorge. * Sie erhalten eine fachgerechte Einarbeitung. * Es erwarten Sie Schulungen auf Basis unserer umfangreichen WeiterbildungsmÃ¶glichkeiten durch interne und externe Trainer. * Als familienfreundliches Unternehmen unterstÃ¼tzen wir Sie bei der Vereinbarkeit von Familie und Beruf.  [Noch nicht Ã¼berzeugt? Hier warten weitere Leistungen auf Sie!](https://verbund.edeka/minden-hannover/karriere/wir-als-arbeitgeber/)    """,Verkaufshilfe (m/w/d),None,"['nah &amp; gut Fil. 4844', 'Bahnhofstr. 19a', '15913', 'Märkische Heide - Groß Leuthen']",None
https://verbund.edeka/karriere/stellenb%C3%B6rse/stelle-stellvertretende-marktleitung-m-w-d-m%C3%A4rkische-heide-gro%C3%9F-leuthen-edeka-markt-minden-hannover-gmbh?id=208659_193570&type=j,EDEKA-Markt Minden-Hannover GmbH,"""**UnterstÃ¼tzen Sie uns in Vollzeit im nah & gut in 15913 MÃ¤rkische Heide-GroÃ Leuthen, BahnhofstraÃe!**      ### Aufgaben, die wir in Ihre HÃ¤nde legen  * Sie assistieren bei der Leitung des TagesgeschÃ¤fts und behalten die betriebswirtschaftlichen Kennzahlen im Blick. * Sie optimieren und gestalten die VerkaufsflÃ¤chen, prÃ¤sentieren die aktuellen Sortimente und organisieren verkaufsfÃ¶rdernde MaÃnahmen. * Mit Freude und Leidenschaft fÃ¼hren und motivieren Sie Ihr Team und unterstÃ¼tzen bei der Personaleinsatzplanung.      ### Erkennen Sie sich wieder?  * Sie sind im Einzelhandel ausgebildet (z. B. Kauffrau oder Kaufmann im Einzelhandel) und bringen eine abgeschlossene Fortbildung (z. B. Handelsfachwirtin oder Handelsfachwirt) mit. * Sie verstehen es, betriebswirtschaftlich zu denken und zu handeln, haben analytisches VerstÃ¤ndnis und bringen organisatorisches Talent mit. * Sie kommunizieren transparent, fÃ¼hren mit Empathie und treffen eigenverantwortlich Entscheidungen. * Idealerweise haben Sie einen Ausbildungsschein und das Zertifikat fÃ¼r freiverkÃ¤ufliche Arzneimittel.      ### Gute GrÃ¼nde fÃ¼r uns  * Wir bezahlen Sie nach Tarif! * Wir gewÃ¤hren Ihnen 10% Personalrabatt! * Sie haben Anspruch auf 6 Wochen Urlaub im Jahr. * Wir bieten ein attraktives Gesamtpaket an Leistungen eines tarifgebundenen Unternehmens, tarifliche Sonderzahlungen sowie eine betriebliche Altersvorsorge. * Sie erhalten eine fachgerechte Einarbeitung. * Es erwarten Sie Schulungen auf Basis unserer umfangreichen WeiterbildungsmÃ¶glichkeiten durch interne und externe Trainer. * Als familienfreundliches Unternehmen unterstÃ¼tzen wir Sie bei der Vereinbarkeit von Familie und Beruf.  [Noch nicht Ã¼berzeugt? Hier warten weitere Leistungen auf Sie!](https://verbund.edeka/minden-hannover/karriere/wir-als-arbeitgeber/)      ### Ein attraktiver Arbeitgeber  Mit einem AuÃenumsatz von rund 12 Milliarden Euro und rund 76.300 Mitarbeiterinnen und Mitarbeitern (einschlieÃlich des selbststÃ¤ndigen Einzelhandels und fast 3.500 Auszubildenden) ist die **EDEKA Minden-Hannover** die umsatzstÃ¤rkste von insgesamt sieben Regionalgesellschaften im genossenschaftlich organisierten EDEKA-Verbund. Sie besteht seit 1920, erstreckt sich von der niederlÃ¤ndischen bis an die polnische Grenze und umfasst Bremen, Niedersachsen, einen Teil von Ostwestfalen-Lippe, Sachsen-Anhalt, Berlin und Brandenburg. Mehr als drei Viertel der rund 1.500 MÃ¤rkte sind in der Hand von rund 630 selbststÃ¤ndigen EDEKA-Kaufleuten. Zum Unternehmensverbund gehÃ¶ren mehrere Produktionsbetriebe, darunter die Brot- und Backwarenproduktion **SchÃ¤ferâs**, die Produktion fÃ¼r Fleisch- und Wurstwaren **Bauerngut** sowie das Traditionsunternehmen fÃ¼r Fischverarbeitung **Hagenah** in Hamburg. Die EDEKA Minden-Hannover engagiert sich wegweisend in Sachen Nachhaltigkeit und Klimaschutz. Seit Ã¼ber 100 Jahren ist **verantwortungsvolles und nachhaltiges Handeln** eines der Grundprinzipien des Unternehmensverbundes.    """,Stellvertretende Marktleitung (m/w/d),None,"['nah &amp; gut Fil. 4844', 'Bahnhofstr. 19a', '15913', 'Märkische Heide - Groß Leuthen']",None
https://verbund.edeka/karriere/stellenb%C3%B6rse/stelle-kassiererin-m-w-d-ludwigsfelde-selbstst%C3%A4ndiger-einzelhandel?id=208658_208657&type=j,Selbstständiger Einzelhandel,"""**UnterstÃ¼tzen Sie unser Team in Vollzeit oder Teilzeit in unserem EDEKA Markt in der Potsdamer Str. 60, 14974 Ludwigsfelde!**      ### Aufgaben, die wir in Ihre HÃ¤nde legen  * Mit Freude kassieren und verantworten Sie Ihren Kassenbereich, indem Sie ihn selbststÃ¤ndig pflegen und sauber halten. * FÃ¼r Sie ist eine hohe Service- und Kundenorientierung selbstverstÃ¤ndlich. * Sie arbeiten entsprechend den QualitÃ¤tsvorgaben der EDEKA und anderen gesetzlichen Vorschriften.      ### Erkennen Sie sich wieder?  * Sie haben eine abgeschlossene Ausbildung im Einzelhandel (z. B. Kauffrau oder Kaufmann im Einzelhandel) und verfÃ¼gen idealerweise Ã¼ber Berufserfahrung. * Freundlich, zuverlÃ¤ssig und ehrlich zu arbeiten, ist fÃ¼r Sie selbstverstÃ¤ndlich. * Sie verfÃ¼gen Ã¼ber Kenntnisse im Bereich Lebensmitteleinzelhandel.      ### Das kÃ¶nnen Sie von uns erwarten  * Eine anspruchsvolle und abwechslungsreiche Aufgabe beim deutschen LebensmittelhÃ¤ndler Nummer eins. * Es erwartet Sie ein kompetentes und leistungsstarkes Team mit der gemeinsamen Liebe zu Lebensmitteln. * Profitieren Sie von den Leistungen der EDEKA-Bank (z. B. kostenloses Girokonto) sowie von den Angeboten des EDEKA-Versicherungsdienstes.      ### Ein attraktiver Arbeitgeber  Mit einem AuÃenumsatz von rund 12,24 Milliarden Euro und rund 76.000 Mitarbeiterinnen und Mitarbeitern (einschlieÃlich des selbststÃ¤ndigen Einzelhandels und fast 3.400 Auszubildenden) ist die [EDEKA Minden-Hannover](https://verbund.edeka/minden-hannover/) die umsatzstÃ¤rkste von insgesamt sieben Regionalgesellschaften im genossenschaftlich organisierten EDEKA-Verbund. Sie besteht seit 1920, erstreckt sich von der niederlÃ¤ndischen bis an die polnische Grenze und umfasst Bremen, Niedersachsen, einen Teil von Ostwestfalen-Lippe, Sachsen-Anhalt, Berlin und Brandenburg. Mehr als drei Viertel der fast 1.500 MÃ¤rkte sind in der Hand von rund 640 selbststÃ¤ndigen EDEKA-Kaufleuten. Zum Unternehmensverbund gehÃ¶ren mehrere Produktionsbetriebe, darunter die Brot- und Backwarenproduktion [SchÃ¤ferâs](https://www.schaefers-brot.de/), die Produktion fÃ¼r Fleisch- und Wurstwaren [Bauerngut](https://www.bauerngut.de/) sowie das Traditionsunternehmen fÃ¼r Fischverarbeitung [Hagenah](https://www.diefischwerker.com/) in Hamburg. Die EDEKA Minden-Hannover engagiert sich wegweisend in Sachen Nachhaltigkeit und Klimaschutz. Seit Ã¼ber 100 Jahren ist [verantwortungsvolles und nachhaltiges Handeln](https://www.nachhaltigkeit.minden.edeka.de/) eines der Grundprinzipien des Unternehmensverbundes.    """,Kassiererin (m/w/d),None,"['Selbstständiger Einzelhandel', ' ', '14974', 'Ludwigsfelde']",None
https://verbund.edeka/karriere/stellenb%C3%B6rse/stelle-kassiererin-m-w-d-m%C3%A4rkische-heide-gro%C3%9F-leuthen-edeka-markt-minden-hannover-gmbh?id=208656_193570&type=j,EDEKA-Markt Minden-Hannover GmbH,"""**UnterstÃ¼tzen Sie uns in Vollzeit im nah & gut in 15913 MÃ¤rkische Heide-GroÃ Leuthen, BahnhofstraÃe!**      ### Aufgaben, die Ihnen liegen  * Mit Freude kassieren und verantworten Sie Ihren Kassenbereich, indem Sie ihn selbststÃ¤ndig pflegen und sauber halten. * FÃ¼r Sie ist eine hohe Service- und Kundenorientierung selbstverstÃ¤ndlich. * Sie arbeiten entsprechend den QualitÃ¤tsvorgaben der EDEKA und anderen gesetzlichen Vorschriften.      ### Erkennst du dich wieder?  * Berufserfahrungen. Aber auch ein ""Quereinstieg"" ist mÃ¶glich. * Freundlich, zuverlÃ¤ssig und ehrlich zu arbeiten, ist fÃ¼r Sie selbstverstÃ¤ndlich. * FÃ¼r Ihre TÃ¤tigkeit im Markt verfÃ¼gen Sie Ã¼ber ausreichende Deutschkenntnisse. * Sie verfÃ¼gen Ã¼ber Kenntnisse im Bereich Lebensmitteleinzelhandel.      ### Freuen Sie sich auf  * Wir bezahlen Sie nach Tarif! * Wir gewÃ¤hren Ihnen 10% Mitarbeiterrabatt! * Sie haben Anspruch auf 6 Wochen Urlaub im Jahr. * Wir bieten ein attraktives Gesamtpaket an Leistungen eines tarifgebundenen Unternehmens, tarifliche Sonderzahlungen sowie eine betriebliche Altersvorsorge * Eine anspruchsvolle und abwechslungsreiche Aufgabe beim deutschen LebensmittelhÃ¤ndler Nummer eins * Es erwartet Sie ein kompetentes und leistungsstarkes Team mit der gemeinsamen Liebe zu Lebensmitteln * Es erwarten Sie Schulungen auf Basis unserer umfangreichen WeiterbildungsmÃ¶glichkeiten durch interne und externe Trainer * Als familienfreundliches Unternehmen unterstÃ¼tzen wir Sie bei der Vereinbarkeit von Familie und Beruf  [Noch nicht Ã¼berzeugt? Hier warten weitere Leistungen auf Sie!](https://verbund.edeka/minden-hannover/karriere/wir-als-arbeitgeber/)    """,Kassiererin (m/w/d),None,"['nah &amp; gut Fil. 4844', 'Bahnhofstr. 19a', '15913', 'Märkische Heide - Groß Leuthen']",None
https://verbund.edeka/karriere/stellenb%C3%B6rse/stelle-verk%C3%A4uferin-bedientheke-m-w-d-ostrhauderfehn-selbstst%C3%A4ndiger-einzelhandel?id=208655_204942&type=j,Selbstständiger Einzelhandel,"""**UnterstÃ¼tzen Sie uns in Vollzeit oder Teilzeit im EDEKA Schmidt in 26842 Ostrhauderfehn, Hauptstr. 49!**      ### Aufgaben, die Ihnen schmecken  * Mit Freude bedienen und beraten Sie unsere Kundschaft. * An unserer Bedientheke fÃ¼r Fleisch und Wurst prÃ¤sentieren, disponieren und pflegen Sie das Sortiment. * Zu Ihren Aufgaben gehÃ¶rt es, die Ware vor- und zuzubereiten, nach Rezept zu veredeln und z. B. Salate herzustellen.      ### Erkennen Sie sich wieder?  * Sie sind im Einzelhandel ausgebildet (z. B. Kauffrau oder Kaufmann im Einzelhandel) - ein Quereinstieg ist auch mÃ¶glich. * Sie haben SpaÃ an Ihren Aufgaben und arbeiten gerne im Team. * Erste Berufserfahrungen im Warenbereich und Verkaufserfahrung an der Bedientheke konnten Sie bereits sammeln. * Mit Vorgaben der Lebensmittelkontrolle und AblÃ¤ufen in Produktion und Verkauf sind Sie vertraut. * Idealerweise verfÃ¼gen Sie Ã¼ber den Sachkundenachweis nach der Lebensmittelhygieneverordnung.      ### Das kÃ¶nnen Sie von uns erwarten  * Eine anspruchsvolle und abwechslungsreiche Aufgabe beim deutschen LebensmittelhÃ¤ndler Nummer eins * Es erwartet Sie ein kompetentes und leistungsstarkes Team mit der gemeinsamen Liebe zu Lebensmitteln * Ein familiÃ¤res Betriebsklima mit FreirÃ¤umen fÃ¼r eigene Ideen * Eine fundierte Einarbeitung durch ein hilfsbereites und erfahrenes Team * Als EDEKAner genieÃen Sie beim Einkauf ErmÃ¤Ãigungen auf Non-Food-Artikel in unseren MÃ¤rkten * Wer gemeinsam arbeitet, feiert auch gemeinsam. Freuen Sie sich auf unser jÃ¤hrliches Mitarbeiterfest * Als familienfreundliches Unternehmen setzen wir alles daran, die individuellen WÃ¼nsche unserer Mitarbeiter mit den Erfordernissen unserer GeschÃ¤ftsprozesse in Einklang zu bringen      ### Ein attraktiver Arbeitgeber  Mit einem AuÃenumsatz von rund 12 Milliarden Euro und rund 76.300 Mitarbeiterinnen und Mitarbeitern (einschlieÃlich des selbststÃ¤ndigen Einzelhandels und fast 3.500 Auszubildenden) ist die **EDEKA Minden-Hannover** die umsatzstÃ¤rkste von insgesamt sieben Regionalgesellschaften im genossenschaftlich organisierten EDEKA-Verbund. Sie besteht seit 1920, erstreckt sich von der niederlÃ¤ndischen bis an die polnische Grenze und umfasst Bremen, Niedersachsen, einen Teil von Ostwestfalen-Lippe, Sachsen-Anhalt, Berlin und Brandenburg. Mehr als drei Viertel der rund 1.500 MÃ¤rkte sind in der Hand von rund 630 selbststÃ¤ndigen EDEKA-Kaufleuten. Zum Unternehmensverbund gehÃ¶ren mehrere Produktionsbetriebe, darunter die Brot- und Backwarenproduktion **SchÃ¤ferâs**, die Produktion fÃ¼r Fleisch- und Wurstwaren **Bauerngut** sowie das Traditionsunternehmen fÃ¼r Fischverarbeitung **Hagenah** in Hamburg. Die EDEKA Minden-Hannover engagiert sich wegweisend in Sachen Nachhaltigkeit und Klimaschutz. Seit Ã¼ber 100 Jahren ist **verantwortungsvolles und nachhaltiges Handeln** eines der Grundprinzipien des Unternehmensverbundes.    """,Verkäuferin Bedientheke (m/w/d),None,"['EDEKA Schmidt', 'Hauptstr. 49', '26842', 'Ostrhauderfehn']",None
https://verbund.edeka/karriere/stellenb%C3%B6rse/stelle-aushilfe-m-w-d-edeka-woltersdorf-woltersdorf-selbstst%C3%A4ndiger-einzelhandel?id=208654_206802&type=a,Selbstständiger Einzelhandel,"""**UnterstÃ¼tzen Sie unser Team im Rahmen eines Minijobs in unserem EDEKA Woltersdorf in der Vogelsdorfer Str. 2, 15569 Woltersdorf!**      ### UnterstÃ¼tzen Sie uns tatkrÃ¤ftig!  * Mit Freude kassieren und verantworten Sie Ihren Kassen-Arbeitsplatz, indem Sie ihn pflegen und selbststÃ¤ndig ausstatten. * Zeitweise helfen Sie den Kolleginnen und Kollegen im KassenbÃ¼ro. * Sie unterstÃ¼tzen das Markt-Team beim BefÃ¼llen der Regale.      ### Erkennen Sie sich wieder?  * Sie sind im Einzelhandel ausgebildet (z. B. Kauffrau oder Kaufmann im Einzelhandel) - ein Quereinstieg ist auch mÃ¶glich. * Erfahrungen im Kassenbereich sowie Kenntnisse im Lebensmitteleinzelhandel sind wÃ¼nschenswert. * Genau und zuverlÃ¤ssig zu arbeiten, ist fÃ¼r Sie selbstverstÃ¤ndlich.      ### Gute GrÃ¼nde fÃ¼r uns  * Eine anspruchsvolle und abwechslungsreiche Aufgabe beim deutschen LebensmittelhÃ¤ndler Nummer eins. * Es erwartet Sie ein kompetentes und leistungsstarkes Team mit der gemeinsamen Liebe zu Lebensmitteln. * Profitieren Sie von den Leistungen der EDEKA-Bank (z. B. kostenloses Girokonto) sowie von den Angeboten des EDEKA-Versicherungsdienstes.      ### Ein attraktiver Arbeitgeber  Mit einem AuÃenumsatz von rund 12,24 Milliarden Euro und rund 76.000 Mitarbeiterinnen und Mitarbeitern (einschlieÃlich des selbststÃ¤ndigen Einzelhandels und fast 3.400 Auszubildenden) ist die [EDEKA Minden-Hannover](https://verbund.edeka/minden-hannover/) die umsatzstÃ¤rkste von insgesamt sieben Regionalgesellschaften im genossenschaftlich organisierten EDEKA-Verbund. Sie besteht seit 1920, erstreckt sich von der niederlÃ¤ndischen bis an die polnische Grenze und umfasst Bremen, Niedersachsen, einen Teil von Ostwestfalen-Lippe, Sachsen-Anhalt, Berlin und Brandenburg. Mehr als drei Viertel der fast 1.500 MÃ¤rkte sind in der Hand von rund 640 selbststÃ¤ndigen EDEKA-Kaufleuten. Zum Unternehmensverbund gehÃ¶ren mehrere Produktionsbetriebe, darunter die Brot- und Backwarenproduktion [SchÃ¤ferâs](https://www.schaefers-brot.de/), die Produktion fÃ¼r Fleisch- und Wurstwaren [Bauerngut](https://www.bauerngut.de/) sowie das Traditionsunternehmen fÃ¼r Fischverarbeitung [Hagenah](https://www.diefischwerker.com/) in Hamburg. Die EDEKA Minden-Hannover engagiert sich wegweisend in Sachen Nachhaltigkeit und Klimaschutz. Seit Ã¼ber 100 Jahren ist [verantwortungsvolles und nachhaltiges Handeln](https://www.nachhaltigkeit.minden.edeka.de/) eines der Grundprinzipien des Unternehmensverbundes.      ### Teilen Sie unsere Liebe zu Lebensmitteln?  Bewerben Sie sich schnell und nachhaltig Ã¼ber WhatsApp oder unser Online-Formular.      FÃ¼r die Vermeidung von Postwegen bitten wir um VerstÃ¤ndnis, dass wir alle Unterlagen in unserem Bewerbermanagementsystem erfassen und Bewerbungsmappen nicht zurÃ¼ckschicken.      Willkommen sind bei uns alle Menschen - unabhÃ¤ngig von Geschlecht, NationalitÃ¤t, ethnischer und sozialer Herkunft, Behinderung, Religion, Alter sowie sexueller Orientierung.    """,Aushilfe (m/w/d) EDEKA Woltersdorf,None,"['Selbstständiger Einzelhandel', ' ', '15569', 'Woltersdorf']",None
https://verbund.edeka/karriere/stellenb%C3%B6rse/stelle-abteilungsleitung-getr%C3%A4nke-edeka-schuler-m-w-d-feuchtwangen-g%C3%BCnter-schuler-e.k.?id=208653_158762&type=j,Günter Schuler e.K.,"""FÃ¼r den E center Schuler in 91555 Feuchtwangen, Rothenburger StraÃe 29a suchen wir ab sofort tatkrÃ¤ftige UnterstÃ¼tzung      ### Ihre Aufgaben  * Sie verantworten die termingerechte Bestellung des kompletten Warensortiments * Zudem fÃ¼hren Sie die Abteilung und nehmen die dazugehÃ¶rigen Planungen vor * AuÃerdem sind Sie aktiv in der Beratung und Ã¼berzeugen durch Ihr kompetentes und serviceorientiertes Auftreten * Sie Ã¼bernehmen die WarenprÃ¤sentation und WarenverrÃ¤umung * Sie planen verkaufsfÃ¶rdernde MaÃnahmen, Werbeaktionen und sorgen fÃ¼r eine ansprechende Abteilung * Des Weiteren betreuen Sie unsere Leergutautomaten und sorgen fÃ¼r einen reibungslosen Ablauf      ### Ihr Profil  * Sie verfÃ¼gen Ã¼ber eine erfolgreich abgeschlossene kaufmÃ¤nnische Berufsausbildung und Berufserfahrung im Lebensmitteleinzelhandel * Idealerweise konnten Sie bereits erste FÃ¼hrungserfahrung sammeln * Sie sind belastbar, agieren eigenstÃ¤ndig und zeichnen sich durch ZuverlÃ¤ssigkeit und Verantwortungsbewusstsein aus * Sie haben Freude am Kontakt mit Kundinnen und Kunden und legen groÃen Wert auf das professionelle Beraten * Â Sie haben vorzugsweise tiefergehende Sortimentskenntnisse * Sie sind flexibel und genieÃen die Arbeit im Team      ### Wir bieten Ihnen  * 30 Tage Urlaub * Bike-Leasing * Weiterbildung * Betriebliche Altersvorsorge * PÃ¼nktliche Bezahlung      ### Infos zum Unternehmen  Die EDEKA Unternehmensgruppe Nordbayern-Sachsen-ThÃ¼ringen ist eine von sieben regionalen Unternehmensgruppen des genossenschaftlich organisierten EDEKA-Verbundes. Die Genossenschaft als Keimzelle der Unternehmensgruppe wurde vor 113 Jahren (im Jahr 1912) in WÃ¼rzburg gegrÃ¼ndet und ist heute GroÃhandlung, Vermieterin und Konzeptgeberin fÃ¼r rund 840 EinzelhandelsmÃ¤rkte der Marken âEDEKAâ, âE centerâ, âMarktkaufâ und âdiskaâ in Franken, der Oberpfalz, Sachsen, ThÃ¼ringen und dem nÃ¶rdlichen Baden-WÃ¼rttemberg. Zudem betreibt sie mit der Tochterfirma EDEKA Frische-Manufaktur NST GmbH zwei Produktionsbetriebe fÃ¼r Fleisch- und Wurstwaren. Gemeinsam mit den selbststÃ¤ndigen EDEKA-EinzelhÃ¤ndlern erzielte die EDEKA Unternehmensgruppe Nordbayern-Sachsen-ThÃ¼ringen im Jahr 2024 einen Verbundumsatz im EinzelhandelsgeschÃ¤ft von brutto rund 5,35 Mrd. Euro und beschÃ¤ftigt rund 47.500 Mitarbeitende und 1.200 Auszubildende. Sie ist somit einer der grÃ¶Ãten Arbeitgeber und Ausbilder in der Region.      ### Interessiert?  Dann haben wir hier weitere Informationen fÃ¼r Sie: Die Stelle ist  * ab sofort * in Vollzeit * im E center Schuler am Standort 91555 Feuchtwangen, Rothenburger StraÃe 29aÂ  zu besetzen.Â  Wir freuen uns auf Ihre aussagekrÃ¤ftigen Bewerbungsunterlagen unter Angabe Ihres mÃ¶glichen Eintrittstermins vorzugsweise per E-Mail.      Willkommen sind bei uns alle Menschen â unabhÃ¤ngig von Geschlecht, NationalitÃ¤t, ethnischer und sozialer Herkunft, Behinderung, Religion, Alter sowie sexueller Orientierung.    """,Abteilungsleitung Getränke EDEKA Schuler (m/w/d),None,"['E center Schuler', 'Rothenburger Straße 29A', '91555', 'Feuchtwangen']",None
https://verbund.edeka/karriere/stellenb%C3%B6rse/stelle-abteilungsleitung-frischetheke-edeka-schuler-m-w-d-dietenhofen-g%C3%BCnter-schuler-e.k.?id=208652_205703&type=j,Günter Schuler e.K.,"""FÃ¼r den EDEK-Markt Schuler in 90599 Dietenhofen, RÃ¼derner Str. 27 a suchen wir ab sofort tatkrÃ¤ftige UnterstÃ¼tzung fÃ¼r das dortige Team      ### Ihre Aufgaben  * Durch Ihre kompetente Beratung und Ihr serviceorientiertes Auftreten sorgen Sie fÃ¼r ein angenehmes Einkaufserlebnis an unserer Frischetheke * Sie fÃ¼hren die Abteilung und nehmen die dazugehÃ¶rigen Planungen vor * Sie sind fÃ¼r das Zerteilen, Zuschneiden und Veredeln des Fleischs zustÃ¤ndig * Zudem bereiten Sie SpezialitÃ¤ten zu und verstehen es, diese attraktiv zu prÃ¤sentieren * Mit KreativitÃ¤t und dem Auge fÃ¼râs Detail prÃ¤sentieren Sie ein ansprechendes Warenangebot an unserer Frischetheke * Sie sind unter Einhaltung der gesetzlichen und betrieblichen Hygienerichtlinien aktiv im Verkauf und sorgen fÃ¼r Ordnung und Sauberkeit in der Abteilung      ### Ihr Profil  * Sie verfÃ¼gen Ã¼ber eine erfolgreich abgeschlossene Berufsausbildung, z.B. zum FachverkÃ¤ufer Fleischerei (m/w/d), Fleischer (m/w/d), Metzger (m/w/d), Koch (m/w/d) * Sie bringen Erfahrungen im Lebensmitteleinzelhandel, den genannten Bereichen und in der PersonalfÃ¼hrung mit * Freundlichkeit, Einsatzbereitschaft sowie die Einhaltung von Hygiene und Sauberkeit sind fÃ¼r Sie selbstverstÃ¤ndlich * Sie verstehen es, Kundinnen und Kunden zu begeistern und genieÃen das Arbeiten im direkten Kontakt * Sie sind zuverlÃ¤ssig und die Arbeit im Team bereitet Ihnen Freude * Kenntnisse der HACCP runden Ihr Profil ab      ### Wir bieten Ihnen  * 30 Tage Urlaub * Bike-Leasing * Weiterbildung * Betriebliche Altersvorsorge * PÃ¼nktliche Bezahlung      ### Infos zum Unternehmen  Die EDEKA Unternehmensgruppe Nordbayern-Sachsen-ThÃ¼ringen ist eine von sieben regionalen Unternehmensgruppen des genossenschaftlich organisierten EDEKA-Verbundes. Die Genossenschaft als Keimzelle der Unternehmensgruppe wurde vor 113 Jahren (im Jahr 1912) in WÃ¼rzburg gegrÃ¼ndet und ist heute GroÃhandlung, Vermieterin und Konzeptgeberin fÃ¼r rund 840 EinzelhandelsmÃ¤rkte der Marken âEDEKAâ, âE centerâ, âMarktkaufâ und âdiskaâ in Franken, der Oberpfalz, Sachsen, ThÃ¼ringen und dem nÃ¶rdlichen Baden-WÃ¼rttemberg. Zudem betreibt sie mit der Tochterfirma EDEKA Frische-Manufaktur NST GmbH zwei Produktionsbetriebe fÃ¼r Fleisch- und Wurstwaren. Gemeinsam mit den selbststÃ¤ndigen EDEKA-EinzelhÃ¤ndlern erzielte die EDEKA Unternehmensgruppe Nordbayern-Sachsen-ThÃ¼ringen im Jahr 2024 einen Verbundumsatz im EinzelhandelsgeschÃ¤ft von brutto rund 5,35 Mrd. Euro und beschÃ¤ftigt rund 47.500 Mitarbeitende und 1.200 Auszubildende. Sie ist somit einer der grÃ¶Ãten Arbeitgeber und Ausbilder in der Region.      ### Interessiert?  Dann haben wir hier weitere Informationen fÃ¼r Sie: Die Stelle ist  * ab sofort * in Vollzeit * im E center Schuler am Standort 90599 Dietenhofen, RÃ¼derner Str. 27 a  zu besetzen.Â  Wir freuen uns auf Ihre aussagekrÃ¤ftigen Bewerbungsunterlagen unter Angabe Ihres mÃ¶glichen Eintrittstermins vorzugsweise per E-Mail.      Willkommen sind bei uns alle Menschen â unabhÃ¤ngig von Geschlecht, NationalitÃ¤t, ethnischer und sozialer Herkunft, Behinderung, Religion, Alter sowie sexueller Orientierung.    """,Abteilungsleitung Frischetheke - EDEKA Schuler (m/w/d),None,"['EDEKA Schuler', 'Rüderner Straße 27 A', '90599', 'Dietenhofen']",None
